{
    "Beras Kualitas Medium I|sarimax": [
        -0.0006253683894525519,
        0.4778400619392013,
        -0.8661272450652104,
        7.708602126181505e-06
    ],
    "Bawang Putih Ukuran Sedang|sarimax": [
        3.506310998803471e-05,
        6.445776557310942e-08,
        6.437626400150147e-08,
        1.2192640535500286e-05
    ],
    "Beras Kualitas Medium II|sarimax": [
        -0.0007714704132903539,
        0.5335232390670668,
        -0.8180763482923271,
        1.3499183154888426e-05
    ],
    "Beras Kualitas Super I|sarimax": [
        -0.0007833894137017761,
        0.3345147693538825,
        -0.816484974590589,
        1.2008996780354357e-05
    ],
    "Beras Kualitas Bawah I|sarimax": [
        -0.0008273172785948457,
        0.36352431469395485,
        -0.5401599860870427,
        1.0354424526929562e-05
    ],
    "Bawang Merah Ukuran Sedang|sarimax": [
        -0.0012556126162063036,
        0.9999991286663189,
        0.25291392272650776,
        8.951944369842163e-05
    ],
    "Beras Kualitas Bawah II|sarimax": [
        0.00026599517596515937,
        0.3069397211283933,
        -0.7016031714080726,
        5.689766697857375e-06
    ],
    "Beras Kualitas Super II|sarimax": [
        -0.0008907478908309429,
        0.37643257168579014,
        -0.8496244245845019,
        1.0363990565575499e-05
    ],
    "Cabai Merah Besar|sarimax": [
        -0.0019796326030326033,
        0.9999979081623338,
        0.23404572656067407,
        0.0003314455863430544
    ],
    "Cabai Merah Keriting |sarimax": [
        -0.004844363328348519,
        0.9999968697075926,
        0.183718813489038,
        0.0005292600273828098
    ],
    "Cabai Rawit Hijau|sarimax": [
        -0.004836990964748233,
        0.9999973693852974,
        0.11993732176811162,
        0.000410627312478512
    ],
    "Cabai Rawit Merah|sarimax": [
        -0.003331199601190835,
        0.9999970681387198,
        0.2475971138616217,
        0.00046471446175091265
    ],
    "Daging Ayam Ras Segar|sarimax": [
        0.002017569747311077,
        0.9999939128523551,
        0.084738930403905,
        4.891228753722028e-05
    ],
    "Daging Sapi Kualitas 1|sarimax": [
        -0.0012280279528580607,
        0.07403458065683548,
        -0.05603492504593048,
        1.7954047267048363e-05
    ],
    "Daging Sapi Kualitas 2|sarimax": [
        -0.00105984005823958,
        0.29772297430167677,
        -0.36291296760052916,
        1.4069599921934667e-05
    ],
    "Gula Pasir Kualitas Premium|sarimax": [
        -0.0004538916272914113,
        0.4450818410024677,
        -0.7784305278299598,
        3.482885457533306e-06
    ],
    "Gula Pasir Lokal|sarimax": [
        -0.00043131125382737403,
        0.012306030860616232,
        -0.3601224441456387,
        3.076590790827324e-06
    ],
    "Minyak Goreng Curah|sarimax": [
        -0.00022660495574657066,
        0.47480106630751734,
        -0.5763675557902546,
        3.7956076258160707e-06
    ],
    "Minyak Goreng Kemasan Bermerk 1|sarimax": [
        0.00022738294101107265,
        0.2765162022670091,
        -0.5645483491753768,
        3.6890775805465327e-06
    ],
    "Minyak Goreng Kemasan Bermerk 2|sarimax": [
        -0.0005541275258789776,
        0.02461555690524688,
        -0.3465622512365397,
        2.745503289504181e-06
    ],
    "Telur Ayam Ras Segar|sarimax": [
        -0.0003628741506332178,
        0.6230699473532204,
        -0.6588785445343711,
        1.1228247492843836e-05
    ]
}