{
    "Beras Kualitas Medium I|sarimax": [
        -0.0005667183962620499,
        0.27982346660543544,
        -0.7959555281683844,
        9.852457291835419e-06
    ],
    "Bawang Putih Ukuran Sedang|sarimax": [
        3.5168390275913786e-05,
        1.4614013642890562e-07,
        1.460685629614333e-07,
        1.1907285670328448e-05
    ],
    "Beras Kualitas Medium II|sarimax": [
        -0.0007676865101151768,
        0.4459155273865987,
        -0.8609334756205909,
        1.6830250832564673e-05
    ],
    "Beras Kualitas Super I|sarimax": [
        -0.0007515669183411865,
        0.3109918910462609,
        -0.8493176818647133,
        1.4480671894331036e-05
    ],
    "Beras Kualitas Bawah I|sarimax": [
        -0.0007834891695199644,
        0.32077203770554874,
        -0.7872991314112665,
        1.167392406158837e-05
    ],
    "Bawang Merah Ukuran Sedang|sarimax": [
        -0.0012511074893665655,
        0.9999980330267894,
        0.19634060962068522,
        0.00010341054514405281
    ],
    "Beras Kualitas Bawah II|sarimax": [
        0.00029461768596657705,
        0.12684445100562267,
        -0.6570432780100689,
        6.71832219259517e-06
    ],
    "Beras Kualitas Super II|sarimax": [
        -0.0008539454903641034,
        0.2900527564779198,
        -0.8572984238223916,
        1.3357947200451578e-05
    ],
    "Cabai Merah Besar|sarimax": [
        -0.002054848851261024,
        0.9999976410959597,
        0.22479919319309977,
        0.000338639554242866
    ],
    "Cabai Merah Keriting |sarimax": [
        -0.005422921031729778,
        0.9999849817101948,
        0.18025262637650222,
        0.0005428727849033094
    ],
    "Cabai Rawit Hijau|sarimax": [
        -0.004708872889637502,
        0.9999980360277512,
        0.014704689769129592,
        0.0004723750036395758
    ],
    "Cabai Rawit Merah|sarimax": [
        -0.0033242810616662616,
        0.9999969734278031,
        0.2433076163428826,
        0.00046931643538074936
    ],
    "Daging Ayam Ras Segar|sarimax": [
        0.001274370402995025,
        0.9999923826926262,
        0.09045657109054991,
        4.7824275606702094e-05
    ],
    "Daging Sapi Kualitas 1|sarimax": [
        -0.0012280319870512832,
        0.0905609969302655,
        -0.08044553274070747,
        1.8127316001457848e-05
    ],
    "Daging Sapi Kualitas 2|sarimax": [
        -0.0010595435305825953,
        0.3474815055006768,
        -0.4358826218357804,
        1.4409124635909604e-05
    ],
    "Gula Pasir Kualitas Premium|sarimax": [
        -0.0004521192681102966,
        0.3779312901410877,
        -0.7517782613469702,
        3.7521337492407123e-06
    ],
    "Gula Pasir Lokal|sarimax": [
        -0.00043092141517402864,
        0.008069102517816337,
        -0.36006357676886186,
        3.1193027066871498e-06
    ],
    "Minyak Goreng Curah|sarimax": [
        -0.00022660495574657066,
        0.47480106630751734,
        -0.5763675557902546,
        3.7956076258160707e-06
    ],
    "Minyak Goreng Kemasan Bermerk 1|sarimax": [
        0.00022738294101107265,
        0.2765162022670091,
        -0.5645483491753768,
        3.6890775805465327e-06
    ],
    "Minyak Goreng Kemasan Bermerk 2|sarimax": [
        -0.0005541275258789776,
        0.02461555690524688,
        -0.3465622512365397,
        2.745503289504181e-06
    ],
    "Telur Ayam Ras Segar|sarimax": [
        -0.0003628741506332178,
        0.6230699473532204,
        -0.6588785445343711,
        1.1228247492843836e-05
    ]
}